Rank,Country,Crime Index,Safety Index,Year
1,Venezuela,84.7,15.3,2012
2,South Africa,78.1,21.9,2012
3,Puerto Rico,73.1,26.9,2012
4,Malaysia,70.9,29.1,2012
5,United States,64.9,35.1,2012
6,Algeria,64.8,35.2,2012
7,Mexico,62.5,37.5,2012
8,Peru,60.9,39.1,2012
9,Lebanon,59.9,40.1,2012
10,Bangladesh,59.7,40.3,2012
11,Brazil,59.3,40.7,2012
12,Pakistan,58.7,41.3,2012
13,Italy,56.7,43.3,2012
14,Chile,56.4,43.6,2012
15,Ecuador,55.4,44.6,2012
16,Ukraine,55.4,44.6,2012
17,Philippines,53.1,46.9,2012
18,Greece,52,48,2012
19,Iran,51.9,48.1,2012
20,Russia,50.6,49.4,2012
21,Argentina,48.4,51.6,2012
22,Colombia,47.2,52.8,2012
23,Slovakia,46.9,53.1,2012
24,New Zealand,46.8,53.2,2012
25,Ireland,46.1,53.9,2012
26,United Kingdom,46,54,2012
27,India,45.6,54.4,2012
28,Denmark,45.3,54.7,2012
29,France,44.8,55.2,2012
30,China,44.5,55.5,2012
31,Egypt,44.3,55.7,2012
32,Austria,44.1,55.9,2012
33,Uruguay,42.8,57.2,2012
34,Bulgaria,41.4,58.6,2012
35,Israel,40.8,59.2,2012
36,Portugal,40.6,59.4,2012
37,Belgium,40.6,59.4,2012
38,Australia,40.6,59.4,2012
39,Bosnia And Herzegovina,40.3,59.7,2012
40,Canada,39.8,60.2,2012
41,Thailand,39.7,60.3,2012
42,Lithuania,39.1,60.9,2012
43,Poland,38.7,61.3,2012
44,Azerbaijan,38.5,61.5,2012
45,Jamaica,36.7,63.3,2012
46,Czech Republic,36.6,63.4,2012
47,Sweden,36.2,63.8,2012
48,United Arab Emirates,35.9,64.1,2012
49,Slovenia,35.7,64.3,2012
50,Morocco,33.6,66.4,2012
51,Iceland,33.3,66.7,2012
52,Spain,33,67,2012
53,Saudi Arabia,32.5,67.5,2012
54,Panama,32.4,67.6,2012
55,Croatia,32.4,67.6,2012
56,Georgia,31.3,68.7,2012
57,Hungary,30.5,69.5,2012
58,Cyprus,30.3,69.7,2012
59,Albania,30.1,69.9,2012
60,Romania,29.6,70.4,2012
61,Serbia,28.7,71.3,2012
62,Netherlands,28.4,71.6,2012
63,Turkey,26.4,73.6,2012
64,Switzerland,25.8,74.2,2012
65,Estonia,25,75,2012
66,Indonesia,23.9,76.1,2012
67,Germany,21.2,78.8,2012
68,Malta,20.3,79.7,2012
69,Singapore,20.2,79.8,2012
70,Jordan,19.1,80.9,2012
71,Norway,19.1,80.9,2012
72,Finland,17.6,82.4,2012
73,Hong Kong,14.5,85.5,2012
74,Taiwan,9.5,90.5,2012
75,Japan,5.7,94.3,2012
1,Venezuela,85.7,14.3,2013
2,Guatemala,84.9,15.1,2013
3,Trinidad And Tobago,83.6,16.4,2013
4,South Africa,76.7,23.3,2013
5,Kenya,74.3,25.7,2013
6,Honduras,73,27,2013
7,Uzbekistan,72.3,27.7,2013
8,Puerto Rico,70.5,29.5,2013
9,Malaysia,67.7,32.3,2013
10,Costa Rica,66.7,33.3,2013
11,Uganda,66,34,2013
12,Brazil,62.6,37.4,2013
13,Syria,62.3,37.7,2013
14,Pakistan,61.5,38.5,2013
15,Paraguay,60.7,39.3,2013
16,Nigeria,60.6,39.4,2013
17,Kyrgyzstan,60.1,39.9,2013
18,Ecuador,59.7,40.3,2013
19,Bangladesh,59.4,40.6,2013
20,Argentina,59.3,40.7,2013
21,Dominican Republic,58.1,41.9,2013
22,Peru,58,42,2013
23,Eritrea,57.8,42.2,2013
24,Iraq,56.2,43.8,2013
25,Mexico,56.2,43.8,2013
26,Iran,56.1,43.9,2013
27,Philippines,54.9,45.1,2013
28,Monaco,54.7,45.3,2013
29,Colombia,54.2,45.8,2013
30,Jamaica,53.9,46.1,2013
31,United States,53.4,46.6,2013
32,Vietnam,53,47,2013
33,Kazakhstan,52.9,47.1,2013
34,Zimbabwe,52.9,47.1,2013
35,Russia,52.4,47.6,2013
36,Angola,52.3,47.7,2013
37,Algeria,51.8,48.2,2013
38,Mauritius,51.5,48.5,2013
39,France,51.1,48.9,2013
40,El Salvador,50.6,49.4,2013
41,Greece,49.8,50.2,2013
42,Italy,49.5,50.5,2013
43,Ukraine,48.9,51.1,2013
44,Egypt,48.7,51.3,2013
45,Panama,48.5,51.5,2013
46,Israel,48.3,51.7,2013
47,Lebanon,47.3,52.7,2013
48,Albania,47,53,2013
49,Mongolia,46.9,53.1,2013
50,Bolivia,46.4,53.6,2013
51,Latvia,45.7,54.3,2013
52,Tunisia,45.5,54.5,2013
53,Uruguay,45,55,2013
54,Ireland,45,55,2013
55,Australia,44.4,55.6,2013
56,Laos,44.3,55.7,2013
57,Jordan,43.4,56.6,2013
58,Bosnia And Herzegovina,43.3,56.7,2013
59,Belgium,42.9,57.1,2013
60,India,42.1,57.9,2013
61,Nicaragua,41.9,58.1,2013
62,New Zealand,41.8,58.2,2013
63,Moldova,41.7,58.3,2013
64,Bulgaria,41.5,58.5,2013
65,Serbia,41.2,58.8,2013
66,Armenia,41.1,58.9,2013
67,Thailand,40.5,59.5,2013
68,Indonesia,40.5,59.5,2013
69,Chile,40.3,59.7,2013
70,United Kingdom,39.8,60.2,2013
71,Sri Lanka,39.7,60.3,2013
72,Poland,38.9,61.1,2013
73,Nepal,38.2,61.8,2013
74,Netherlands,37.5,62.5,2013
75,Namibia,37.3,62.7,2013
76,Azerbaijan,36.7,63.3,2013
77,Turkey,35.2,64.8,2013
78,Slovakia,35.2,64.8,2013
79,Canada,35,65,2013
80,Portugal,35,65,2013
81,Lithuania,34.6,65.4,2013
82,Morocco,34.3,65.7,2013
83,Czech Republic,34.1,65.9,2013
84,Spain,34.1,65.9,2013
85,Cyprus,34,66,2013
86,Hungary,33.7,66.3,2013
87,Cambodia,32.8,67.2,2013
88,Finland,32.7,67.3,2013
89,Croatia,32.3,67.7,2013
90,Sweden,31.8,68.2,2013
91,Saudi Arabia,31.7,68.3,2013
92,Denmark,30.7,69.3,2013
93,Austria,30.4,69.6,2013
94,Brunei,30.1,69.9,2013
95,Romania,30,70,2013
96,North Macedonia,29.7,70.3,2013
97,Slovenia,29.6,70.4,2013
98,Switzerland,27.6,72.4,2013
99,Kuwait,27,73,2013
100,China,26.9,73.1,2013
101,Belarus,26.8,73.2,2013
102,Montenegro,26.6,73.4,2013
103,Qatar,26.2,73.8,2013
104,Ethiopia,26,74,2013
105,Norway,25.6,74.4,2013
106,Estonia,24.2,75.8,2013
107,Germany,23.9,76.1,2013
108,Iceland,22.3,77.7,2013
109,Singapore,20,80,2013
110,Bahrain,19.8,80.2,2013
111,Georgia,19.6,80.4,2013
112,Luxembourg,18.8,81.2,2013
113,Malta,18.5,81.5,2013
114,United Arab Emirates,18,82,2013
115,South Korea,17.4,82.6,2013
116,Hong Kong,16.6,83.4,2013
117,Taiwan,16.3,83.7,2013
118,Japan,13.1,86.9,2013
1,Afghanistan,82.5,17.5,2014
2,Venezuela,81.5,18.5,2014
3,Guatemala,79.3,20.7,2014
4,Kenya,78.9,21.1,2014
5,Trinidad And Tobago,78.7,21.3,2014
6,South Africa,78.5,21.5,2014
7,Nigeria,77.9,22.1,2014
8,Haiti,72.5,27.5,2014
9,Jamaica,71,29,2014
10,Bolivia,69,31,2014
11,Honduras,68.9,31.1,2014
12,Brazil,67,33,2014
13,Malaysia,66.4,33.6,2014
14,Dominican Republic,66.4,33.6,2014
15,Mongolia,66.2,33.8,2014
16,El Salvador,64.3,35.7,2014
17,Uzbekistan,64.3,35.7,2014
18,Pakistan,63.8,36.2,2014
19,Angola,63,37,2014
20,Uganda,62.2,37.8,2014
21,Bangladesh,62.2,37.8,2014
22,Libya,61.4,38.6,2014
23,Costa Rica,61.4,38.6,2014
24,Zimbabwe,60.8,39.2,2014
25,Ecuador,60,40,2014
26,Puerto Rico,59.3,40.7,2014
27,Colombia,58.5,41.5,2014
28,Peru,58.1,41.9,2014
29,Kyrgyzstan,57.9,42.1,2014
30,Argentina,57.5,42.5,2014
31,Tanzania,57.1,42.9,2014
32,Syria,57.1,42.9,2014
33,Mauritius,55.7,44.3,2014
34,Iran,55,45,2014
35,Paraguay,53.8,46.2,2014
36,Ireland,53.6,46.4,2014
37,Vietnam,53.3,46.7,2014
38,Russia,52.7,47.3,2014
39,Mexico,52.5,47.5,2014
40,Egypt,52.4,47.6,2014
41,Algeria,52.3,47.7,2014
42,Nepal,51.8,48.2,2014
43,Albania,51.3,48.7,2014
44,United States,50.1,49.9,2014
45,Lebanon,50.1,49.9,2014
46,Kazakhstan,49.4,50.6,2014
47,Ukraine,49.4,50.6,2014
48,Morocco,48.4,51.6,2014
49,Jordan,47.6,52.4,2014
50,France,47.3,52.7,2014
51,Chile,47.1,52.9,2014
52,Nicaragua,47,53,2014
53,Botswana,47,53,2014
54,Tunisia,47,53,2014
55,Indonesia,46.7,53.3,2014
56,Uruguay,46.6,53.4,2014
57,Iraq,46.6,53.4,2014
58,Ghana,46.4,53.6,2014
59,Moldova,46.3,53.7,2014
60,Italy,45.6,54.4,2014
61,Namibia,45.5,54.5,2014
62,Bosnia And Herzegovina,45,55,2014
63,Barbados,44.4,55.6,2014
64,Latvia,43.7,56.3,2014
65,India,43.7,56.3,2014
66,Greece,43,57,2014
67,New Zealand,42.9,57.1,2014
68,United Kingdom,42.6,57.4,2014
69,Laos,42.5,57.5,2014
70,Sri Lanka,42.4,57.6,2014
71,Philippines,41.9,58.1,2014
72,North Macedonia,41.7,58.3,2014
73,Panama,41.6,58.4,2014
74,Belgium,41.5,58.5,2014
75,Australia,41.2,58.8,2014
76,Cambodia,40.8,59.2,2014
77,Bulgaria,40,60,2014
78,Turkey,40,60,2014
79,Serbia,39.3,60.7,2014
80,Eritrea,39.1,60.9,2014
81,Fiji,39,61,2014
82,Sweden,38.3,61.7,2014
83,Thailand,37.6,62.4,2014
84,Cyprus,37.6,62.4,2014
85,Poland,37.5,62.5,2014
86,Hungary,37.5,62.5,2014
87,Netherlands,37.1,62.9,2014
88,Kuwait,36.4,63.6,2014
89,Canada,36.3,63.7,2014
90,Ethiopia,36.1,63.9,2014
91,Portugal,35.1,64.9,2014
92,Armenia,35,65,2014
93,Sudan,34.8,65.2,2014
94,Lithuania,34.7,65.3,2014
95,Azerbaijan,34.2,65.8,2014
96,Czech Republic,33.9,66.1,2014
97,Norway,33.7,66.3,2014
98,Israel,33.3,66.7,2014
99,Slovenia,33.2,66.8,2014
100,Belarus,32.9,67.1,2014
101,Slovakia,32.7,67.3,2014
102,Spain,32.4,67.6,2014
103,Luxembourg,31.9,68.1,2014
104,Switzerland,31.8,68.2,2014
105,Iceland,31.7,68.3,2014
106,Brunei,31.5,68.5,2014
107,China,30.1,69.9,2014
108,Saudi Arabia,29.4,70.6,2014
109,Denmark,29.3,70.7,2014
110,Finland,29.2,70.8,2014
111,Oman,29.1,70.9,2014
112,Estonia,29.1,70.9,2014
113,Monaco,29,71,2014
114,Croatia,28.9,71.1,2014
115,Romania,28.7,71.3,2014
116,Germany,27.1,72.9,2014
117,Austria,25.8,74.2,2014
118,Hong Kong,22.7,77.3,2014
119,Qatar,21.8,78.2,2014
120,Taiwan,21.5,78.5,2014
121,Singapore,21.3,78.7,2014
122,United Arab Emirates,20.8,79.2,2014
123,Bahrain,20.5,79.5,2014
124,Georgia,19.9,80.1,2014
125,Japan,18.1,81.9,2014
126,Isle Of Man,17,83,2014
127,South Korea,16.3,83.7,2014
128,Malta,14.2,85.8,2014
1,South Sudan,85.3,14.7,2015
2,Venezuela,84.1,15.9,2015
3,Guatemala,79.3,20.7,2015
4,South Africa,78.4,21.6,2015
5,Afghanistan,77.3,22.7,2015
6,Guyana,76.9,23.1,2015
7,Nigeria,76.6,23.4,2015
8,Trinidad And Tobago,75.3,24.7,2015
9,Honduras,74.9,25.1,2015
10,Bahamas,72.9,27.1,2015
11,Kenya,72.6,27.4,2015
12,Jamaica,71.9,28.1,2015
13,Mongolia,70.3,29.7,2015
14,Yemen,70.1,29.9,2015
15,Malaysia,70,30,2015
16,Papua New Guinea,69.9,30.1,2015
17,Libya,69.6,30.4,2015
18,El Salvador,69.4,30.6,2015
19,Brazil,69,31,2015
20,Maldives,68.8,31.3,2015
21,Angola,68,32,2015
22,Dominican Republic,67.7,32.3,2015
23,Puerto Rico,67.1,32.9,2015
24,Bolivia,65.6,34.4,2015
25,Somalia,65.6,34.4,2015
26,Kyrgyzstan,65.1,34.9,2015
27,Cameroon,64.8,35.2,2015
28,Bangladesh,64.2,35.8,2015
29,Costa Rica,63,37,2015
30,Argentina,62.4,37.6,2015
31,Haiti,62.3,37.7,2015
32,Belize,62.3,37.7,2015
33,Zimbabwe,62.2,37.8,2015
34,Tanzania,61.8,38.2,2015
35,Pakistan,61.2,38.8,2015
36,Mozambique,60.5,39.5,2015
37,Egypt,60.1,39.9,2015
38,Uganda,59.4,40.6,2015
39,Uzbekistan,58.1,41.9,2015
40,Peru,57.6,42.4,2015
41,Colombia,56.9,43.1,2015
42,Syria,56.3,43.7,2015
43,Namibia,55.6,44.4,2015
44,Paraguay,55.6,44.4,2015
45,Iraq,54.1,45.9,2015
46,Ecuador,54,46,2015
47,Mexico,53.8,46.2,2015
48,Vietnam,52.3,47.7,2015
49,Lebanon,52,48,2015
50,Algeria,51.3,48.7,2015
51,Russia,51.3,48.7,2015
52,Iran,50.9,49.1,2015
53,Panama,50.1,49.9,2015
54,United States,50,50,2015
55,Sri Lanka,50,50,2015
56,Myanmar,49.8,50.2,2015
57,France,49.7,50.3,2015
58,Moldova,49.7,50.3,2015
59,Albania,49.6,50.4,2015
60,Fiji,49.4,50.6,2015
61,Ghana,49.4,50.6,2015
62,Ukraine,49.4,50.6,2015
63,Nepal,49.2,50.8,2015
64,Ireland,49.1,50.9,2015
65,Mauritius,48.5,51.5,2015
66,Morocco,47.5,52.5,2015
67,Italy,47.5,52.5,2015
68,Indonesia,47.2,52.8,2015
69,Uruguay,47.2,52.8,2015
70,Botswana,46.8,53.2,2015
71,Kosovo (Disputed Territory),46.8,53.2,2015
72,Kazakhstan,46.7,53.3,2015
73,India,46.5,53.5,2015
74,Bosnia And Herzegovina,45.8,54.2,2015
75,Jordan,45.5,54.5,2015
76,Chile,45,55,2015
77,Barbados,44.4,55.6,2015
78,Cambodia,44.1,55.9,2015
79,Timor-Leste,43.8,56.2,2015
80,Kuwait,43.5,56.5,2015
81,Bulgaria,43.5,56.5,2015
82,Serbia,43.4,56.6,2015
83,Philippines,43.1,56.9,2015
84,Tunisia,42.7,57.3,2015
85,Nicaragua,42.4,57.6,2015
86,Australia,42.2,57.8,2015
87,Sweden,42.1,57.9,2015
88,Belgium,42,58,2015
89,United Kingdom,42,58,2015
90,Hungary,41.8,58.2,2015
91,China,41.7,58.3,2015
92,Zambia,41.7,58.3,2015
93,Greece,41.4,58.6,2015
94,Bermuda,40.3,59.7,2015
95,Bahrain,40,60,2015
96,New Zealand,39.8,60.2,2015
97,Canada,37.5,62.5,2015
98,Latvia,37.2,62.8,2015
99,Thailand,37.1,62.9,2015
100,Lithuania,36.7,63.3,2015
101,Turkey,36.4,63.6,2015
102,Laos,36.2,63.8,2015
103,North Macedonia,36.1,63.9,2015
104,Portugal,35.8,64.2,2015
105,Luxembourg,35.7,64.3,2015
106,Sudan,35.7,64.3,2015
107,Azerbaijan,35.5,64.5,2015
108,Netherlands,35.4,64.6,2015
109,Palestine,35.4,64.6,2015
110,Ethiopia,35.1,64.9,2015
111,Montenegro,34.9,65.1,2015
112,Saudi Arabia,34.6,65.4,2015
113,Oman,34.4,65.6,2015
114,Spain,33.9,66.1,2015
115,Slovakia,33.3,66.7,2015
116,Iceland,33.3,66.7,2015
117,Poland,33,67,2015
118,Czech Republic,32.9,67.1,2015
119,Cyprus,31.6,68.4,2015
120,Norway,31.2,68.8,2015
121,Belarus,30.5,69.5,2015
122,Israel,30.4,69.6,2015
123,Brunei,30.4,69.6,2015
124,Romania,29.7,70.3,2015
125,Finland,29.5,70.5,2015
126,Croatia,29.3,70.7,2015
127,Armenia,29.1,70.9,2015
128,Slovenia,28.7,71.3,2015
129,Germany,28.5,71.5,2015
130,Estonia,28.1,71.9,2015
131,Monaco,27.9,72.1,2015
132,Switzerland,26.8,73.2,2015
133,Austria,26.2,73.8,2015
134,Malta,25.9,74.1,2015
135,Denmark,25.7,74.3,2015
136,United Arab Emirates,22.2,77.8,2015
137,Georgia,22,78,2015
138,Taiwan,21.9,78.1,2015
139,Qatar,21,79,2015
140,Japan,20.2,79.8,2015
141,Hong Kong,19.2,80.8,2015
142,Rwanda,19.2,80.8,2015
143,Faroe Islands,18.5,81.5,2015
144,South Korea,18,82,2015
145,Turkmenistan,17.9,82.1,2015
146,Singapore,17.6,82.4,2015
147,Isle Of Man,15.1,84.9,2015
1,Venezuela,84.4,15.6,2016
2,South Sudan,81.3,18.7,2016
3,South Africa,78.4,21.6,2016
4,Papua New Guinea,77.6,22.4,2016
5,Honduras,76.4,23.6,2016
6,Nigeria,74.1,25.9,2016
7,Trinidad And Tobago,72.6,27.4,2016
8,El Salvador,72,28,2016
9,Brazil,71.2,28.8,2016
10,Kenya,69.5,30.5,2016
11,Bangladesh,68.6,31.4,2016
12,Malaysia,68.6,31.4,2016
13,Puerto Rico,65.9,34.1,2016
14,Jamaica,65.5,34.5,2016
15,Peru,64,36,2016
16,Guatemala,63.5,36.5,2016
17,Argentina,63.3,36.7,2016
18,Dominican Republic,63.2,36.8,2016
19,Namibia,60.9,39.1,2016
20,Tanzania,60,40,2016
21,Zimbabwe,60,40,2016
22,Libya,57.8,42.2,2016
23,Mongolia,57.8,42.2,2016
24,Algeria,57.6,42.4,2016
25,Costa Rica,57.6,42.4,2016
26,Pakistan,56.6,43.4,2016
27,Bolivia,56.6,43.4,2016
28,Egypt,56.5,43.5,2016
29,Somalia,55.7,44.3,2016
30,Vietnam,55.7,44.3,2016
31,Syria,54.7,45.3,2016
32,Mauritius,53.7,46.3,2016
33,Uruguay,53.1,46.9,2016
34,Ecuador,52.9,47.1,2016
35,Panama,52.7,47.3,2016
36,Iran,52.4,47.6,2016
37,Iraq,51.5,48.5,2016
38,Mexico,50.8,49.2,2016
39,Lebanon,50.6,49.4,2016
40,Morocco,50.3,49.7,2016
41,Ghana,49,51,2016
42,United States,48.9,51.1,2016
43,Ukraine,48.6,51.4,2016
44,Colombia,48.5,51.5,2016
45,Ireland,48.4,51.6,2016
46,Cambodia,48.2,51.8,2016
47,Moldova,48.2,51.8,2016
48,Albania,48.2,51.8,2016
49,Montenegro,47.8,52.2,2016
50,Russia,47.3,52.7,2016
51,Indonesia,47,53,2016
52,Jordan,46.9,53.1,2016
53,India,46.6,53.4,2016
54,Sri Lanka,46.3,53.7,2016
55,Italy,46.2,53.8,2016
56,Kazakhstan,45.9,54.1,2016
57,Belgium,45.2,54.8,2016
58,Maldives,45,55,2016
59,France,44.1,55.9,2016
60,Serbia,43.3,56.7,2016
61,Lithuania,43.2,56.8,2016
62,United Kingdom,43.1,56.9,2016
63,Australia,43.1,56.9,2016
64,Sweden,43.1,56.9,2016
65,Thailand,42.6,57.4,2016
66,Bosnia And Herzegovina,42.5,57.5,2016
67,Nepal,42.1,57.9,2016
68,Chile,42,58,2016
69,Hungary,41.9,58.1,2016
70,Bulgaria,41.4,58.6,2016
71,Turkey,39.4,60.6,2016
72,Canada,39.2,60.8,2016
73,Tunisia,38.9,61.1,2016
74,Greece,38.5,61.5,2016
75,North Macedonia,38,62,2016
76,Latvia,37.8,62.2,2016
77,Philippines,37.6,62.4,2016
78,Bahrain,37.3,62.7,2016
79,Brunei,37,63,2016
80,New Zealand,36.4,63.6,2016
81,Kuwait,36,64,2016
82,Luxembourg,36,64,2016
83,Portugal,35.1,64.9,2016
84,Ethiopia,34.2,65.8,2016
85,Slovakia,33.5,66.5,2016
86,Germany,33,67,2016
87,Azerbaijan,32.4,67.6,2016
88,China,32.1,67.9,2016
89,Czech Republic,32.1,67.9,2016
90,Spain,31.8,68.2,2016
91,Netherlands,31.5,68.5,2016
92,Poland,31.4,68.6,2016
93,Armenia,31.1,68.9,2016
94,Israel,30.6,69.4,2016
95,Cyprus,30.2,69.8,2016
96,Norway,30.1,69.9,2016
97,Iceland,29.9,70.1,2016
98,Romania,29.7,70.3,2016
99,Croatia,29.5,70.5,2016
100,Oman,29,71,2016
101,Finland,28.1,71.9,2016
102,Belarus,27.6,72.4,2016
103,Malta,26.7,73.3,2016
104,Slovenia,26.3,73.7,2016
105,Switzerland,25.7,74.3,2016
106,Denmark,25.7,74.3,2016
107,Saudi Arabia,25.2,74.8,2016
108,Estonia,24.7,75.3,2016
109,Austria,24.1,75.9,2016
110,United Arab Emirates,23.1,76.9,2016
111,Qatar,22.3,77.7,2016
112,Georgia,22.2,77.8,2016
113,Taiwan,21.2,78.8,2016
114,Hong Kong,20.8,79.2,2016
115,Japan,19.3,80.7,2016
116,Singapore,15.8,84.2,2016
117,South Korea,14.3,85.7,2016
1,Venezuela,85.3,14.7,2017
2,Papua New Guinea,82.4,17.6,2017
3,Honduras,78.3,21.7,2017
4,South Sudan,78.2,21.8,2017
5,South Africa,75.7,24.3,2017
6,Afghanistan,73.9,26.1,2017
7,El Salvador,71.6,28.4,2017
8,Nigeria,70.9,29.1,2017
9,Brazil,70.6,29.4,2017
10,Trinidad And Tobago,70.2,29.8,2017
11,Puerto Rico,69.2,30.8,2017
12,Mongolia,67.6,32.4,2017
13,Jamaica,67.5,32.5,2017
14,Bangladesh,67.2,32.8,2017
15,Syria,66.3,33.7,2017
16,Angola,65.5,34.5,2017
17,Kenya,65,35,2017
18,Malaysia,64.8,35.2,2017
19,Peru,63.3,36.7,2017
20,Bahamas,63.2,36.8,2017
21,Namibia,63.1,36.9,2017
22,Argentina,62.6,37.4,2017
23,Dominican Republic,62.6,37.4,2017
24,Tanzania,61.4,38.6,2017
25,Guatemala,59.6,40.4,2017
26,Bolivia,59.5,40.5,2017
27,Somalia,58.8,41.2,2017
28,Botswana,58.2,41.8,2017
29,Uganda,56.9,43.1,2017
30,Costa Rica,55.9,44.1,2017
31,Fiji,55.6,44.4,2017
32,Cambodia,54.6,45.4,2017
33,Libya,54.5,45.5,2017
34,Pakistan,54.4,45.6,2017
35,Iraq,54.3,45.7,2017
36,Zimbabwe,53.5,46.5,2017
37,Vietnam,53,47,2017
38,Egypt,52.9,47.1,2017
39,Colombia,51.7,48.3,2017
40,Uruguay,51.6,48.4,2017
41,Ukraine,51.3,48.7,2017
42,Mauritius,51.1,48.9,2017
43,Iran,50.9,49.1,2017
44,Ecuador,50.9,49.1,2017
45,Mexico,50.3,49.7,2017
46,Panama,50,50,2017
47,Thailand,49.8,50.2,2017
48,Indonesia,49.7,50.3,2017
49,Algeria,49.6,50.4,2017
50,Ethiopia,49.2,50.8,2017
51,Lebanon,49.2,50.8,2017
52,Morocco,48.9,51.1,2017
53,United States,48.8,51.2,2017
54,Kazakhstan,48.3,51.7,2017
55,Chile,47.5,52.5,2017
56,Ghana,47,53,2017
57,Maldives,47,53,2017
58,Sweden,46.6,53.4,2017
59,Russia,46.1,53.9,2017
60,Ireland,45.8,54.2,2017
61,Norway,45.7,54.3,2017
62,Moldova,45.4,54.6,2017
63,Italy,44.7,55.3,2017
64,Belgium,44.5,55.5,2017
65,Albania,44.3,55.7,2017
66,India,44,56,2017
67,France,43.7,56.3,2017
68,Jordan,43.1,56.9,2017
69,Australia,42.4,57.6,2017
70,United Kingdom,41.2,58.8,2017
71,Turkey,41.1,58.9,2017
72,Bosnia And Herzegovina,41,59,2017
73,Tunisia,40.9,59.1,2017
74,Greece,40.3,59.7,2017
75,Bulgaria,40.2,59.8,2017
76,Lithuania,40,60,2017
77,Philippines,39.8,60.2,2017
78,Canada,39.2,60.8,2017
79,New Zealand,38.8,61.2,2017
80,Montenegro,38.7,61.3,2017
81,North Macedonia,38.7,61.3,2017
82,Serbia,38.6,61.4,2017
83,Hungary,38.4,61.6,2017
84,Palestine,38,62,2017
85,Nepal,37.2,62.8,2017
86,Latvia,36.5,63.5,2017
87,Brunei,36.1,63.9,2017
88,Portugal,35.4,64.6,2017
89,Bahrain,35.3,64.7,2017
90,Sudan,35,65,2017
91,Sri Lanka,34.6,65.4,2017
92,China,33.9,66.1,2017
93,Kuwait,33.5,66.5,2017
94,Cyprus,32.5,67.5,2017
95,Germany,32,68,2017
96,Poland,31.5,68.5,2017
97,Spain,31.3,68.7,2017
98,Malta,30.6,69.4,2017
99,Czech Republic,30.2,69.8,2017
100,Slovakia,30.2,69.8,2017
101,Netherlands,29.9,70.1,2017
102,Luxembourg,29,71,2017
103,Israel,29,71,2017
104,Romania,27.9,72.1,2017
105,Croatia,27.8,72.2,2017
106,Iceland,27.5,72.5,2017
107,Armenia,27.1,72.9,2017
108,Azerbaijan,27.1,72.9,2017
109,South Korea,25.3,74.7,2017
110,Finland,24.6,75.4,2017
111,Oman,24.5,75.5,2017
112,Slovenia,24.1,75.9,2017
113,Saudi Arabia,23.6,76.4,2017
114,Estonia,23,77,2017
115,Switzerland,22.4,77.6,2017
116,Belarus,22.3,77.7,2017
117,Denmark,21.1,78.9,2017
118,Japan,20.9,79.1,2017
119,Georgia,20.8,79.2,2017
120,Hong Kong,20.7,79.3,2017
121,United Arab Emirates,20.7,79.3,2017
122,Austria,19.2,80.8,2017
123,Taiwan,17.2,82.8,2017
124,Singapore,16.6,83.4,2017
125,Qatar,15.7,84.3,2017
1,Venezuela,82.6,17.4,2018
2,Papua New Guinea,80,20,2018
3,Honduras,78.9,21.1,2018
4,South Africa,75.7,24.3,2018
5,Trinidad And Tobago,72.2,27.8,2018
6,Brazil,70.6,29.4,2018
7,El Salvador,69.7,30.3,2018
8,Bangladesh,68.5,31.5,2018
9,Namibia,68.2,31.8,2018
10,Syria,67.7,32.3,2018
11,Jamaica,66.9,33.1,2018
12,Puerto Rico,64.9,35.1,2018
13,Peru,63.9,36.1,2018
14,Nigeria,63.1,36.9,2018
15,Malaysia,63.1,36.9,2018
16,Mongolia,62.6,37.4,2018
17,Argentina,61.8,38.2,2018
18,Dominican Republic,61.5,38.5,2018
19,Tanzania,59.8,40.2,2018
20,Kenya,59.8,40.2,2018
21,Guatemala,59.3,40.7,2018
22,Libya,56.7,43.3,2018
23,Zimbabwe,54.6,45.4,2018
24,Cambodia,54.4,45.6,2018
25,Costa Rica,53.9,46.1,2018
26,Egypt,53.7,46.3,2018
27,Bolivia,52.9,47.1,2018
28,Vietnam,52.2,47.8,2018
29,Uruguay,51.8,48.2,2018
30,Maldives,51.7,48.3,2018
31,Pakistan,51.2,48.8,2018
32,Mexico,51.1,48.9,2018
33,Algeria,50.7,49.3,2018
34,Colombia,50.7,49.3,2018
35,United States,49.6,50.4,2018
36,Iran,49.4,50.6,2018
37,Ukraine,49.4,50.6,2018
38,Sweden,49.3,50.7,2018
39,Ecuador,49.2,50.8,2018
40,Lebanon,49.2,50.8,2018
41,Kazakhstan,49.2,50.8,2018
42,Morocco,48.5,51.5,2018
43,Panama,48.4,51.6,2018
44,Mauritius,48.3,51.7,2018
45,Ethiopia,47.7,52.3,2018
46,Thailand,47.3,52.7,2018
47,Chile,46.5,53.5,2018
48,Moldova,45.7,54.3,2018
49,France,45.3,54.7,2018
50,Russia,45.2,54.8,2018
51,Ghana,45,55,2018
52,Indonesia,44.7,55.3,2018
53,Jordan,44.5,55.5,2018
54,Italy,44.5,55.5,2018
55,India,44.2,55.8,2018
56,Ireland,43.8,56.2,2018
57,Iraq,43.3,56.7,2018
58,Norway,43.3,56.7,2018
59,Australia,42.5,57.5,2018
60,Belgium,42.2,57.8,2018
61,Sri Lanka,41.7,58.3,2018
62,United Kingdom,41.2,58.8,2018
63,Turkey,41.1,58.9,2018
64,Tunisia,40.4,59.6,2018
65,North Macedonia,40.2,59.8,2018
66,Philippines,40.1,59.9,2018
67,Bosnia And Herzegovina,40.1,59.9,2018
68,Albania,39.9,60.1,2018
69,Bulgaria,39.7,60.3,2018
70,Nepal,39.5,60.5,2018
71,China,39.4,60.6,2018
72,Canada,39.3,60.7,2018
73,New Zealand,39.2,60.8,2018
74,Greece,39.1,60.9,2018
75,Palestine,37.9,62.1,2018
76,Serbia,37.8,62.2,2018
77,Lithuania,37.6,62.4,2018
78,Montenegro,37.5,62.5,2018
79,Kuwait,37,63,2018
80,Bahrain,37,63,2018
81,Israel,36.9,63.1,2018
82,Latvia,36.9,63.1,2018
83,Spain,36.7,63.3,2018
84,Saudi Arabia,36.7,63.3,2018
85,Germany,36.7,63.3,2018
86,Hungary,36.5,63.5,2018
87,Poland,36.2,63.8,2018
88,South Korea,35.8,64.2,2018
89,Portugal,34.5,65.5,2018
90,Luxembourg,32.1,67.9,2018
91,Malta,31.9,68.1,2018
92,Azerbaijan,30.5,69.5,2018
93,Cyprus,30.2,69.8,2018
94,Slovakia,30.2,69.8,2018
95,Romania,29,71,2018
96,Netherlands,28.9,71.1,2018
97,Czech Republic,28.8,71.2,2018
98,Armenia,28.3,71.7,2018
99,Oman,27.4,72.6,2018
100,Croatia,27,73,2018
101,Belarus,26.6,73.4,2018
102,Slovenia,24.7,75.3,2018
103,Iceland,24.5,75.5,2018
104,Finland,23.7,76.3,2018
105,Denmark,22,78,2018
106,Switzerland,21.8,78.2,2018
107,Hong Kong,20.9,79.1,2018
108,Estonia,20.8,79.2,2018
109,Taiwan,20.7,79.3,2018
110,Austria,20.4,79.6,2018
111,Georgia,20.3,79.7,2018
112,United Arab Emirates,18.7,81.3,2018
113,Singapore,16.2,83.8,2018
114,Qatar,15.7,84.3,2018
115,Japan,13.1,86.9,2018
1,Venezuela,83.2,16.8,2019
2,Papua New Guinea,79.9,20.1,2019
3,Honduras,76.8,23.2,2019
4,South Africa,76.8,23.2,2019
5,Afghanistan,76.6,23.4,2019
6,Trinidad And Tobago,74,26,2019
7,Brazil,70.2,29.8,2019
8,Namibia,68.7,31.3,2019
9,El Salvador,68.1,31.9,2019
10,Kazakhstan,66.5,33.5,2019
11,Bangladesh,65.8,34.2,2019
12,Puerto Rico,65.5,34.5,2019
13,Peru,65.3,34.7,2019
14,Jamaica,65.3,34.7,2019
15,Nigeria,64.4,35.6,2019
16,Syria,63.6,36.4,2019
17,Argentina,62.6,37.4,2019
18,Dominican Republic,61.4,38.6,2019
19,Malaysia,60.8,39.2,2019
20,Somalia,60.1,39.9,2019
21,Mongolia,59.8,40.2,2019
22,Libya,59.2,40.8,2019
23,Tanzania,59,41,2019
24,Costa Rica,56.1,43.9,2019
25,Guatemala,55.9,44.1,2019
26,Kenya,54.8,45.2,2019
27,Maldives,53.3,46.7,2019
28,Bolivia,53.3,46.7,2019
29,Uganda,53.3,46.7,2019
30,Mexico,52.3,47.7,2019
31,Uruguay,52,48,2019
32,Ghana,51.9,48.1,2019
33,Zimbabwe,51.8,48.2,2019
34,Cambodia,51.3,48.7,2019
35,Colombia,51.3,48.7,2019
36,Egypt,50.7,49.3,2019
37,Morocco,50.2,49.8,2019
38,Sweden,49.3,50.7,2019
39,Iran,49.3,50.7,2019
40,Ecuador,49,51,2019
41,Ukraine,48.9,51.1,2019
42,Vietnam,48.8,51.2,2019
43,Algeria,48.3,51.7,2019
44,Ethiopia,47.2,52.8,2019
45,United States,47.1,52.9,2019
46,Chile,46.8,53.2,2019
47,Mauritius,46.8,53.2,2019
48,Pakistan,46.7,53.3,2019
49,Thailand,46.7,53.3,2019
50,Panama,46.4,53.6,2019
51,France,46.4,53.6,2019
52,Indonesia,46,54,2019
53,Iraq,45.6,54.4,2019
54,China,45.5,54.5,2019
55,Moldova,45.4,54.6,2019
56,Italy,45,55,2019
57,Ireland,44.5,55.5,2019
58,Lebanon,44.3,55.7,2019
59,Jordan,43.8,56.2,2019
60,Bosnia And Herzegovina,43.8,56.2,2019
61,Australia,42.8,57.2,2019
62,United Kingdom,42.7,57.3,2019
63,India,42.7,57.3,2019
64,Belgium,42.5,57.5,2019
65,Tunisia,42.3,57.7,2019
66,Russia,41.9,58.1,2019
67,Sri Lanka,41,59,2019
68,Philippines,40.8,59.2,2019
69,Montenegro,40.5,59.5,2019
70,Turkey,40.4,59.6,2019
71,Albania,40.3,59.7,2019
72,Bulgaria,40,60,2019
73,New Zealand,39.6,60.4,2019
74,Canada,39.5,60.5,2019
75,North Macedonia,39.3,60.7,2019
76,Greece,38.6,61.4,2019
77,Serbia,37.3,62.7,2019
78,Palestine,37,63,2019
79,Latvia,36.8,63.2,2019
80,Lithuania,36.5,63.5,2019
81,Nepal,36.4,63.6,2019
82,Norway,35.3,64.7,2019
83,Hungary,35.2,64.8,2019
84,Germany,34.5,65.5,2019
85,South Korea,34,66,2019
86,Kuwait,33.9,66.1,2019
87,Malta,33.5,66.5,2019
88,Bahrain,32.9,67.1,2019
89,Spain,32.5,67.5,2019
90,Israel,32.2,67.8,2019
91,Portugal,32.1,67.9,2019
92,Azerbaijan,31.7,68.3,2019
93,Poland,30.1,69.9,2019
94,Saudi Arabia,29.7,70.3,2019
95,Slovakia,29.5,70.5,2019
96,Cyprus,29.3,70.7,2019
97,Luxembourg,29.1,70.9,2019
98,Netherlands,28.6,71.4,2019
99,Romania,27.8,72.2,2019
100,Czech Republic,26.7,73.3,2019
101,Croatia,24.7,75.3,2019
102,Denmark,24.2,75.8,2019
103,Belarus,23.5,76.5,2019
104,Iceland,23.3,76.7,2019
105,Oman,22.8,77.2,2019
106,Finland,22.8,77.2,2019
107,Slovenia,22.6,77.4,2019
108,Armenia,22,78,2019
109,Switzerland,21.5,78.5,2019
110,Singapore,21.5,78.5,2019
111,Austria,21.4,78.6,2019
112,Estonia,20.8,79.2,2019
113,Georgia,19.9,80.1,2019
114,Hong Kong,19.3,80.7,2019
115,Taiwan,17.4,82.6,2019
116,United Arab Emirates,16.3,83.7,2019
117,Japan,13.7,86.3,2019
118,Qatar,13.3,86.7,2019
1,Venezuela,84.5,15.5,2020
2,Papua New Guinea,81.9,18.1,2020
3,South Africa,77.5,22.5,2020
4,Afghanistan,76.2,23.8,2020
5,Honduras,76.1,23.9,2020
6,Trinidad And Tobago,73.2,26.8,2020
7,Brazil,68.9,31.1,2020
8,Peru,68.2,31.8,2020
9,El Salvador,68,32,2020
10,Guyana,67.7,32.3,2020
11,Namibia,67.2,32.8,2020
12,Syria,66.5,33.5,2020
13,Jamaica,66,34,2020
14,Puerto Rico,65.6,34.4,2020
15,Angola,65,35,2020
16,Bangladesh,63.9,36.1,2020
17,Nigeria,63.8,36.2,2020
18,Bahamas,62.9,37.1,2020
19,Libya,62.2,37.8,2020
20,Kazakhstan,62,38,2020
21,Argentina,61.8,38.2,2020
22,Kenya,61.7,38.3,2020
23,Dominican Republic,61.2,38.8,2020
24,Uganda,59,41,2020
25,Tanzania,59,41,2020
26,Fiji,58.9,41.1,2020
27,Malaysia,58.8,41.2,2020
28,Somalia,58.5,41.5,2020
29,Mongolia,58,42,2020
30,Guatemala,57.8,42.2,2020
31,Zimbabwe,57.5,42.5,2020
32,Costa Rica,56.3,43.7,2020
33,Colombia,54.8,45.2,2020
34,Mexico,54,46,2020
35,Uruguay,53.8,46.2,2020
36,Botswana,53.5,46.5,2020
37,Maldives,53.2,46.8,2020
38,Bolivia,52.9,47.1,2020
39,Ecuador,50.9,49.1,2020
40,Cambodia,50.7,49.3,2020
41,Algeria,49.8,50.2,2020
42,Paraguay,49.6,50.4,2020
43,Iran,49.3,50.7,2020
44,Ethiopia,49.2,50.8,2020
45,Ghana,49,51,2020
46,Ukraine,48.9,51.1,2020
47,Morocco,48.7,51.3,2020
48,Iraq,47.8,52.2,2020
49,Mauritius,47.3,52.7,2020
50,United States,47.2,52.8,2020
51,Panama,47.2,52.8,2020
52,Sweden,47.1,52.9,2020
53,Egypt,46.9,53.1,2020
54,France,46.8,53.2,2020
55,Myanmar,45.9,54.1,2020
56,Indonesia,45.8,54.2,2020
57,Ireland,45.4,54.6,2020
58,Vietnam,45.3,54.7,2020
59,Chile,45.2,54.8,2020
60,Moldova,45,55,2020
61,Nicaragua,44.4,55.6,2020
62,Italy,44.3,55.7,2020
63,Pakistan,44.1,55.9,2020
64,Belgium,44,56,2020
65,United Kingdom,43.7,56.3,2020
66,Palestine,43.6,56.4,2020
67,Lebanon,43.4,56.6,2020
68,India,43.3,56.7,2020
69,Bosnia And Herzegovina,43,57,2020
70,Philippines,42.2,57.8,2020
71,Tunisia,41.9,58.1,2020
72,Australia,41.4,58.6,2020
73,Montenegro,41.2,58.8,2020
74,Russia,41.1,58.9,2020
75,New Zealand,40.9,59.1,2020
76,Jordan,40.8,59.2,2020
77,Thailand,40.5,59.5,2020
78,Greece,40.3,59.7,2020
79,Sri Lanka,40.2,59.8,2020
80,Canada,39.7,60.3,2020
81,Albania,39.5,60.5,2020
82,Turkey,39.5,60.5,2020
83,Malta,39,61,2020
84,North Macedonia,38.7,61.3,2020
85,Bulgaria,38.5,61.5,2020
86,Serbia,37.4,62.6,2020
87,Latvia,37,63,2020
88,Norway,35.4,64.6,2020
89,Hungary,35.1,64.9,2020
90,Germany,34.8,65.2,2020
91,Kuwait,34.8,65.2,2020
92,Nepal,34.6,65.4,2020
93,Luxembourg,33.4,66.6,2020
94,Lithuania,33.1,66.9,2020
95,Kosovo (Disputed Territory),32.9,67.1,2020
96,Spain,32,68,2020
97,China,31.8,68.2,2020
98,Azerbaijan,31.6,68.4,2020
99,Singapore,30.6,69.4,2020
100,Cyprus,30,70,2020
101,Portugal,29.6,70.4,2020
102,Israel,29.6,70.4,2020
103,Bahrain,29.3,70.7,2020
104,Slovakia,29.2,70.8,2020
105,Poland,28.5,71.5,2020
106,South Korea,28,72,2020
107,Brunei,27.7,72.3,2020
108,Romania,27.6,72.4,2020
109,Netherlands,27.6,72.4,2020
110,Cuba,27.5,72.5,2020
111,Saudi Arabia,26.2,73.8,2020
112,Czech Republic,25.5,74.5,2020
113,Denmark,25.1,74.9,2020
114,Belarus,25,75,2020
115,Croatia,24.7,75.3,2020
116,Austria,23.7,76.3,2020
117,Iceland,23.4,76.6,2020
118,Finland,23.3,76.7,2020
119,Estonia,23.1,76.9,2020
120,Armenia,21.6,78.4,2020
121,Switzerland,21.6,78.4,2020
122,Slovenia,21.1,78.9,2020
123,Oman,20.8,79.2,2020
124,Hong Kong,20.7,79.3,2020
125,Japan,20.7,79.3,2020
126,Georgia,20.2,79.8,2020
127,United Arab Emirates,15.7,84.3,2020
128,Taiwan,15.7,84.3,2020
129,Qatar,11.9,88.1,2020
1,Venezuela,84.2,15.8,2021
2,Papua New Guinea,80.2,19.8,2021
3,South Africa,77.1,22.9,2021
4,Afghanistan,76.4,23.6,2021
5,Honduras,74.8,25.2,2021
6,Trinidad And Tobago,70.9,29.1,2021
7,El Salvador,68.8,31.2,2021
8,Guyana,68.7,31.3,2021
9,Syria,68.1,31.9,2021
10,Brazil,67.8,32.2,2021
11,Jamaica,67.5,32.5,2021
12,Angola,66.6,33.4,2021
13,Peru,66.6,33.4,2021
14,Namibia,65.9,34.1,2021
15,Bangladesh,64.2,35.8,2021
16,Nigeria,63.9,36.1,2021
17,Puerto Rico,63.4,36.6,2021
18,Argentina,63.3,36.7,2021
19,Bahamas,62.3,37.7,2021
20,Libya,62,38,2021
21,Kenya,61.4,38.6,2021
22,Belarus,60.3,39.7,2021
23,Dominican Republic,60.1,39.9,2021
24,Zimbabwe,58.9,41.1,2021
25,Guatemala,58.2,41.8,2021
26,Fiji,57.9,42.1,2021
27,Malaysia,57.9,42.1,2021
28,Tanzania,56.6,43.4,2021
29,Uganda,56.1,43.9,2021
30,Somalia,56,44,2021
31,Maldives,56,44,2021
32,Colombia,55.8,44.2,2021
33,Mongolia,55.6,44.4,2021
34,Kyrgyzstan,55.4,44.6,2021
35,Bolivia,55.4,44.6,2021
36,Costa Rica,55.3,44.7,2021
37,Mexico,55,45,2021
38,Ecuador,54.4,45.6,2021
39,Kazakhstan,54,46,2021
40,Botswana,52.8,47.2,2021
41,Chile,52.1,47.9,2021
42,Algeria,51.9,48.1,2021
43,Belize,51.3,48.7,2021
44,Uruguay,51.2,48.8,2021
45,Cambodia,51.2,48.8,2021
46,Ethiopia,50,50,2021
47,France,49.2,50.8,2021
48,Iran,49.2,50.8,2021
49,Morocco,49.1,50.9,2021
50,Paraguay,49,51,2021
51,Iraq,48.8,51.2,2021
52,Ghana,48.5,51.5,2021
53,Nicaragua,48.4,51.6,2021
54,Ukraine,48.3,51.7,2021
55,Mauritius,47.9,52.1,2021
56,United States,47.7,52.3,2021
57,Sweden,47.2,52.8,2021
58,Myanmar,47.2,52.8,2021
59,Lebanon,47,53,2021
60,Egypt,46.8,53.2,2021
61,Moldova,46.6,53.4,2021
62,Indonesia,46.2,53.8,2021
63,Vietnam,46.1,53.9,2021
64,Panama,45.8,54.2,2021
65,United Kingdom,45.3,54.7,2021
66,Ireland,45,55,2021
67,India,44.7,55.3,2021
68,Italy,44.4,55.6,2021
69,Belgium,44.2,55.8,2021
70,Greece,44.1,55.9,2021
71,Palestine,44,56,2021
72,Pakistan,43.9,56.1,2021
73,Tunisia,43.4,56.6,2021
74,Zambia,43.2,56.8,2021
75,Bosnia And Herzegovina,43,57,2021
76,Australia,42.4,57.6,2021
77,New Zealand,42.3,57.7,2021
78,Philippines,42.2,57.8,2021
79,Albania,41.6,58.4,2021
80,Montenegro,41.6,58.4,2021
81,Sri Lanka,41.2,58.8,2021
82,Canada,41.2,58.8,2021
83,Jordan,40.7,59.3,2021
84,Russia,40.1,59.9,2021
85,Turkey,39.5,60.5,2021
86,Thailand,39.4,60.6,2021
87,Malta,38.9,61.1,2021
88,North Macedonia,38.6,61.4,2021
89,Serbia,38.3,61.7,2021
90,Bulgaria,38.1,61.9,2021
91,Latvia,37.2,62.8,2021
92,Kosovo (Disputed Territory),36.1,63.9,2021
93,Nepal,35.7,64.3,2021
94,Germany,35.4,64.6,2021
95,Hungary,34.8,65.2,2021
96,Uzbekistan,34.7,65.3,2021
97,Kuwait,34,66,2021
98,Lithuania,33.8,66.2,2021
99,Norway,33.4,66.6,2021
100,Spain,33.1,66.9,2021
101,Singapore,33,67,2021
102,Luxembourg,32.2,67.8,2021
103,Cyprus,32,68,2021
104,Azerbaijan,31.7,68.3,2021
105,Israel,31.2,68.8,2021
106,China,30.2,69.8,2021
107,Portugal,29.9,70.1,2021
108,Slovakia,29.7,70.3,2021
109,Poland,29.3,70.7,2021
110,Cuba,29.1,70.9,2021
111,Romania,28.3,71.7,2021
112,Brunei,28,72,2021
113,Netherlands,27.2,72.8,2021
114,Finland,27,73,2021
115,South Korea,26.9,73.1,2021
116,Denmark,26.7,73.3,2021
117,Bahrain,26.1,73.9,2021
118,Saudi Arabia,25.9,74.1,2021
119,Czech Republic,25.3,74.7,2021
120,Rwanda,25.3,74.7,2021
121,Austria,25.2,74.8,2021
122,Croatia,24.9,75.1,2021
123,Iceland,24.1,75.9,2021
124,Estonia,23.4,76.6,2021
125,Armenia,23.3,76.7,2021
126,Georgia,22.6,77.4,2021
127,Japan,22,78,2021
128,Slovenia,21.8,78.2,2021
129,Hong Kong,21.7,78.3,2021
130,Switzerland,21.3,78.7,2021
131,Isle Of Man,20.8,79.2,2021
132,Oman,20.3,79.7,2021
133,United Arab Emirates,15.4,84.6,2021
134,Taiwan,15.2,84.8,2021
135,Qatar,12.3,87.7,2021
1,Venezuela,83.6,16.4,2022
2,Papua New Guinea,81.2,18.8,2022
3,Afghanistan,77,23,2022
4,South Africa,76.1,23.9,2022
5,Honduras,74.2,25.8,2022
6,Trinidad And Tobago,71.4,28.6,2022
7,Guyana,68.9,31.1,2022
8,El Salvador,68.6,31.4,2022
9,Jamaica,67.8,32.2,2022
10,Syria,67.5,32.5,2022
11,Peru,67.1,32.9,2022
12,Brazil,67,33,2022
13,Cameroon,66.6,33.4,2022
14,Angola,66.4,33.6,2022
15,Namibia,64.7,35.3,2022
16,Argentina,64.1,35.9,2022
17,Nigeria,63.8,36.2,2022
18,Bangladesh,63.4,36.6,2022
19,Mozambique,62.8,37.2,2022
20,Bahamas,62.5,37.5,2022
21,Puerto Rico,62.2,37.8,2022
22,Us Virgin Islands,60.9,39.1,2022
23,Dominican Republic,60.9,39.1,2022
24,Libya,60.3,39.7,2022
25,North Korea,60.3,39.7,2022
26,Zimbabwe,59.7,40.3,2022
27,Belarus,58.4,41.6,2022
28,Bolivia,58.3,41.7,2022
29,Guatemala,58.3,41.7,2022
30,Somalia,58,42,2022
31,Colombia,57.7,42.3,2022
32,Ecuador,57.2,42.8,2022
33,Kyrgyzstan,56.6,43.4,2022
34,Tanzania,56.3,43.7,2022
35,Uganda,56.2,43.8,2022
36,Kenya,56.2,43.8,2022
37,Malaysia,55.7,44.3,2022
38,Fiji,55.6,44.4,2022
39,Maldives,54.7,45.3,2022
40,Chile,54,46,2022
41,Costa Rica,53.9,46.1,2022
42,Algeria,53.8,46.2,2022
43,Mongolia,53.7,46.3,2022
44,Mexico,53.7,46.3,2022
45,Kazakhstan,53.4,46.6,2022
46,France,52.4,47.6,2022
47,Botswana,52.4,47.6,2022
48,Belize,51.5,48.5,2022
49,Uruguay,51.4,48.6,2022
50,Cambodia,50.7,49.3,2022
51,Ethiopia,50.1,49.9,2022
52,Paraguay,49.2,50.8,2022
53,Iran,49.1,50.9,2022
54,Morocco,49.1,50.9,2022
55,Sweden,49,51,2022
56,Mauritius,48.9,51.1,2022
57,United States,48.2,51.8,2022
58,Nicaragua,47.9,52.1,2022
59,Moldova,47.4,52.6,2022
60,Greece,47.4,52.6,2022
61,Iraq,47,53,2022
62,Ukraine,46.9,53.1,2022
63,Lebanon,46.9,53.1,2022
64,Ghana,46.8,53.2,2022
65,Egypt,46.6,53.4,2022
66,Barbados,46.6,53.4,2022
67,Myanmar,46.5,53.5,2022
68,United Kingdom,46.5,53.5,2022
69,Zambia,46.3,53.7,2022
70,Indonesia,46.1,53.9,2022
71,Albania,46.1,53.9,2022
72,Vietnam,45.8,54.2,2022
73,Ireland,45.5,54.5,2022
74,Belgium,45.4,54.6,2022
75,Italy,45.2,54.8,2022
76,India,44.6,55.4,2022
77,Sudan,44.6,55.4,2022
78,Tunisia,44.3,55.7,2022
79,Panama,43.9,56.1,2022
80,Australia,43.8,56.2,2022
81,New Zealand,43.3,56.7,2022
82,Palestine,43.2,56.8,2022
83,Canada,42.9,57.1,2022
84,Philippines,42.3,57.7,2022
85,Kosovo (Disputed Territory),42.3,57.7,2022
86,Bosnia And Herzegovina,42.2,57.8,2022
87,Pakistan,42,58,2022
88,Sri Lanka,41.2,58.8,2022
89,Montenegro,41.1,58.9,2022
90,North Macedonia,40.9,59.1,2022
91,Malta,40.8,59.2,2022
92,Jordan,40.2,59.8,2022
93,Turkey,39.7,60.3,2022
94,Russia,39.6,60.4,2022
95,Thailand,39.3,60.7,2022
96,Bulgaria,38.7,61.3,2022
97,Latvia,38.7,61.3,2022
98,Serbia,38.3,61.7,2022
99,Nepal,37.5,62.5,2022
100,Germany,36.4,63.6,2022
101,Luxembourg,35.7,64.3,2022
102,Hungary,34.3,65.7,2022
103,Spain,33.9,66.1,2022
104,Norway,33.8,66.2,2022
105,Uzbekistan,33.8,66.2,2022
106,Kuwait,33.4,66.6,2022
107,Lithuania,33.3,66.7,2022
108,Azerbaijan,32.3,67.7,2022
109,Israel,32.1,67.9,2022
110,Cyprus,32.1,67.9,2022
111,Cuba,30.9,69.1,2022
112,Portugal,30.6,69.4,2022
113,Slovakia,30.2,69.8,2022
114,Poland,29.8,70.2,2022
115,China,29.4,70.6,2022
116,Brunei,29,71,2022
117,Romania,28.8,71.2,2022
118,Netherlands,27.9,72.1,2022
119,Singapore,27.6,72.4,2022
120,Finland,27.3,72.7,2022
121,Denmark,26.6,73.4,2022
122,South Korea,26.5,73.5,2022
123,Austria,26.1,73.9,2022
124,Czech Republic,25.5,74.5,2022
125,Monaco,25.1,74.9,2022
126,Saudi Arabia,24.7,75.3,2022
127,Bahrain,24.4,75.6,2022
128,Rwanda,24.3,75.7,2022
129,Georgia,24.3,75.7,2022
130,Croatia,24.1,75.9,2022
131,Estonia,23.8,76.2,2022
132,Iceland,23.5,76.5,2022
133,Slovenia,22.7,77.3,2022
134,Armenia,22.1,77.9,2022
135,Japan,22.1,77.9,2022
136,Hong Kong,21.9,78.1,2022
137,Switzerland,21.7,78.3,2022
138,Oman,20,80,2022
139,Isle Of Man,18.6,81.4,2022
140,Taiwan,15.9,84.1,2022
141,United Arab Emirates,15.1,84.9,2022
142,Qatar,13.8,86.2,2022
1,Venezuela,82.6,17.4,2023
2,Papua New Guinea,79.9,20.1,2023
3,Afghanistan,78.6,21.4,2023
4,South Africa,75.4,24.6,2023
5,Honduras,74.2,25.8,2023
6,Trinidad And Tobago,70.6,29.4,2023
7,Guyana,69,31,2023
8,Syria,68.8,31.2,2023
9,Somalia,68.6,31.4,2023
10,Jamaica,67.8,32.2,2023
11,Peru,67.6,32.4,2023
12,Brazil,66.6,33.4,2023
13,Nigeria,65.5,34.5,2023
14,Angola,65.4,34.6,2023
15,Cameroon,64.8,35.2,2023
16,Namibia,64.8,35.2,2023
17,El Salvador,64.4,35.6,2023
18,Argentina,64.3,35.7,2023
19,Mozambique,63.4,36.6,2023
20,Bangladesh,62.6,37.4,2023
21,Bahamas,62.4,37.6,2023
22,Puerto Rico,62,38,2023
23,Dominican Republic,61.2,38.8,2023
24,Us Virgin Islands,60.9,39.1,2023
25,Bolivia,60.8,39.2,2023
26,Zimbabwe,60.5,39.5,2023
27,Colombia,60.2,39.8,2023
28,Libya,60.2,39.8,2023
29,Guatemala,59.7,40.3,2023
30,Ecuador,59.4,40.6,2023
31,Chile,58.1,41.9,2023
32,Kenya,57,43,2023
33,Fiji,57,43,2023
34,Belarus,56.4,43.6,2023
35,Tanzania,55.5,44.5,2023
36,France,55.3,44.7,2023
37,Uganda,54.9,45.1,2023
38,Kyrgyzstan,54.6,45.4,2023
39,Maldives,54.5,45.5,2023
40,Mexico,54.4,45.6,2023
41,Mongolia,53.9,46.1,2023
42,Costa Rica,53.8,46.2,2023
43,Botswana,53.7,46.3,2023
44,Belize,53.1,46.9,2023
45,Cambodia,52.9,47.1,2023
46,Malaysia,52.9,47.1,2023
47,Uruguay,52.7,47.3,2023
48,Kazakhstan,52.7,47.3,2023
49,Algeria,52.6,47.4,2023
50,North Korea,52.4,47.6,2023
51,Ethiopia,50.9,49.1,2023
52,Paraguay,50.8,49.2,2023
53,Iran,49.9,50.1,2023
54,Belgium,49.1,50.9,2023
55,United States,49,51,2023
56,Zambia,48.8,51.2,2023
57,Nicaragua,48.8,51.2,2023
58,Sweden,48.5,51.5,2023
59,Myanmar,48.2,51.8,2023
60,Mauritius,48.1,51.9,2023
61,Barbados,47.9,52.1,2023
62,Egypt,47.2,52.8,2023
63,Moldova,47.1,52.9,2023
64,Greece,47,53,2023
65,United Kingdom,46.9,53.1,2023
66,Italy,46.9,53.1,2023
67,Morocco,46.8,53.2,2023
68,Ukraine,46.7,53.3,2023
69,Sudan,46.5,53.5,2023
70,Lebanon,46.2,53.8,2023
71,Iraq,46.1,53.9,2023
72,Indonesia,45.9,54.1,2023
73,Ireland,45.9,54.1,2023
74,New Zealand,45.8,54.2,2023
75,Albania,45.7,54.3,2023
76,Australia,45.5,54.5,2023
77,India,44.6,55.4,2023
78,Tunisia,44.6,55.4,2023
79,Ghana,44.5,55.5,2023
80,Vietnam,44.5,55.5,2023
81,Canada,44.3,55.7,2023
82,Panama,43.7,56.3,2023
83,Bosnia And Herzegovina,42.9,57.1,2023
84,Philippines,42.7,57.3,2023
85,Malta,42.5,57.5,2023
86,Pakistan,42.3,57.7,2023
87,Sri Lanka,41.4,58.6,2023
88,Jordan,41,59,2023
89,Palestine,41,59,2023
90,North Macedonia,40.9,59.1,2023
91,Kosovo (Disputed Territory),40.8,59.2,2023
92,Turkey,40.1,59.9,2023
93,Montenegro,39.8,60.2,2023
94,Russia,39.3,60.7,2023
95,Thailand,38.7,61.3,2023
96,Serbia,38.2,61.8,2023
97,Bulgaria,38,62,2023
98,Latvia,37.7,62.3,2023
99,Nepal,37.6,62.4,2023
100,Germany,37.6,62.4,2023
101,Spain,35.7,64.3,2023
102,Luxembourg,35.1,64.9,2023
103,Hungary,33.9,66.1,2023
104,Uzbekistan,33.5,66.5,2023
105,Norway,33.5,66.5,2023
106,Lithuania,33,67,2023
107,Israel,32.6,67.4,2023
108,Kuwait,32.6,67.4,2023
109,Romania,32,68,2023
110,Azerbaijan,31.8,68.2,2023
111,Cuba,31.6,68.4,2023
112,Portugal,31.5,68.5,2023
113,Slovakia,31.4,68.6,2023
114,Cyprus,31.4,68.6,2023
115,Singapore,29.2,70.8,2023
116,Poland,29.2,70.8,2023
117,Brunei,29,71,2023
118,Rwanda,27.6,72.4,2023
119,Netherlands,27.3,72.7,2023
120,Austria,27.3,72.7,2023
121,Finland,26.8,73.2,2023
122,Czech Republic,26.6,73.4,2023
123,Denmark,26.6,73.4,2023
124,China,26.3,73.7,2023
125,Georgia,25.9,74.1,2023
126,South Korea,25.5,74.5,2023
127,Estonia,25.1,74.9,2023
128,Iceland,24.9,75.1,2023
129,Saudi Arabia,24.6,75.4,2023
130,Monaco,24.6,75.4,2023
131,Croatia,24.6,75.4,2023
132,Slovenia,24.2,75.8,2023
133,Bahrain,24,76,2023
134,Switzerland,23.6,76.4,2023
135,Japan,23.1,76.9,2023
136,Armenia,22,78,2023
137,Hong Kong (China),21.5,78.5,2023
138,Oman,19.7,80.3,2023
139,Isle Of Man,18,82,2023
140,Taiwan (China),16.2,83.8,2023
141,United Arab Emirates,15.1,84.9,2023
142,Qatar,14.8,85.2,2023
1,Venezuela,81.2,18.8,2024
2,Papua New Guinea,79.7,20.3,2024
3,Afghanistan,78.3,21.7,2024
4,Haiti,77.9,22.1,2024
5,South Africa,75.4,24.6,2024
6,Honduras,73.4,26.6,2024
7,Trinidad And Tobago,70.8,29.2,2024
8,Syria,69.1,30.9,2024
9,Yemen,68.6,31.4,2024
10,Jamaica,68.1,31.9,2024
11,Peru,67.8,32.2,2024
12,Guyana,67.3,32.7,2024
13,Angola,66.5,33.5,2024
14,Nigeria,66.2,33.8,2024
15,Brazil,65.6,34.4,2024
16,Somalia,65.2,34.8,2024
17,Bolivia,64.6,35.4,2024
18,Argentina,64.2,35.8,2024
19,Namibia,63.9,36.1,2024
20,Mozambique,63.7,36.3,2024
21,Cameroon,63.5,36.5,2024
22,Ecuador,62.1,37.9,2024
23,Us Virgin Islands,62.1,37.9,2024
24,Puerto Rico,61.7,38.3,2024
25,Bangladesh,61.5,38.5,2024
26,El Salvador,61.3,38.7,2024
27,Colombia,61.2,38.8,2024
28,Zimbabwe,60.9,39.1,2024
29,Dominican Republic,60.5,39.5,2024
30,Libya,60.4,39.6,2024
31,Guatemala,59.5,40.5,2024
32,Chile,59.3,40.7,2024
33,Fiji,57.3,42.7,2024
34,Ivory Coast,57.1,42.9,2024
35,Bahamas,56.5,43.5,2024
36,Kenya,56.4,43.6,2024
37,France,55.3,44.7,2024
38,Maldives,55,45,2024
39,Uganda,55,45,2024
40,Tanzania,54.5,45.5,2024
41,Kyrgyzstan,54,46,2024
42,Mexico,53.8,46.2,2024
43,Costa Rica,53.7,46.3,2024
44,Belize,53,47,2024
45,Cambodia,52.8,47.2,2024
46,Mongolia,52.4,47.6,2024
47,Nicaragua,52.2,47.8,2024
48,Botswana,52.2,47.8,2024
49,Uruguay,52.2,47.8,2024
50,Algeria,52.2,47.8,2024
51,North Korea,51.7,48.3,2024
52,Paraguay,50.9,49.1,2024
53,Belarus,50.8,49.2,2024
54,Ethiopia,50.8,49.2,2024
55,Malaysia,50.7,49.3,2024
56,Myanmar,50.4,49.6,2024
57,Iran,49.5,50.5,2024
58,United States,49.3,50.7,2024
59,Belgium,49.2,50.8,2024
60,Sweden,48.4,51.6,2024
61,Mauritius,47.8,52.2,2024
62,New Zealand,47.7,52.3,2024
63,United Kingdom,47.4,52.6,2024
64,Italy,47.3,52.7,2024
65,Egypt,47.3,52.7,2024
66,Australia,47.1,52.9,2024
67,Barbados,47.1,52.9,2024
68,Ukraine,46.9,53.1,2024
69,Greece,46.7,53.3,2024
70,Ireland,46.5,53.5,2024
71,Morocco,46.5,53.5,2024
72,Lebanon,46.4,53.6,2024
73,Zambia,46.4,53.6,2024
74,Indonesia,46.1,53.9,2024
75,Kazakhstan,45.9,54.1,2024
76,Albania,45.6,54.4,2024
77,Sudan,45.4,54.6,2024
78,Canada,45.2,54.8,2024
79,Moldova,45.1,54.9,2024
80,Iraq,44.7,55.3,2024
81,Tunisia,44.4,55.6,2024
82,Panama,44.3,55.7,2024
83,India,44.3,55.7,2024
84,Ghana,43.9,56.1,2024
85,Pakistan,43.2,56.8,2024
86,Philippines,42.8,57.2,2024
87,Vietnam,42.2,57.8,2024
88,Palestine,42.1,57.9,2024
89,Sri Lanka,42.1,57.9,2024
90,Kosovo (Disputed Territory),41.7,58.3,2024
91,Malta,41.2,58.8,2024
92,North Macedonia,41,59,2024
93,Turkey,40.9,59.1,2024
94,Bosnia And Herzegovina,40.9,59.1,2024
95,Jordan,40.4,59.6,2024
96,Russia,39.1,60.9,2024
97,Germany,38.9,61.1,2024
98,Serbia,38.3,61.7,2024
99,Montenegro,38,62,2024
100,Thailand,37.9,62.1,2024
101,Nepal,37.7,62.3,2024
102,Latvia,37.4,62.6,2024
103,Bulgaria,37.1,62.9,2024
104,Spain,36.2,63.8,2024
105,Luxembourg,34.4,65.6,2024
106,Hungary,33.7,66.3,2024
107,Romania,33.7,66.3,2024
108,Cuba,33.4,66.6,2024
109,Kuwait,32.8,67.2,2024
110,Lithuania,32.8,67.2,2024
111,Norway,32.6,67.4,2024
112,Cyprus,32.4,67.6,2024
113,Israel,32.4,67.6,2024
114,Azerbaijan,31.6,68.4,2024
115,Portugal,31.2,68.8,2024
116,Slovakia,31.1,68.9,2024
117,Poland,30.7,69.3,2024
118,Uzbekistan,30.5,69.5,2024
119,Brunei,29.5,70.5,2024
120,Austria,29.3,70.7,2024
121,Saudi Arabia,26.9,73.1,2024
122,Czech Republic,26.8,73.2,2024
123,Rwanda,26.8,73.2,2024
124,Netherlands,26.3,73.7,2024
125,Denmark,26.3,73.7,2024
126,Finland,26.3,73.7,2024
127,Georgia,26.1,73.9,2024
128,Croatia,26,74,2024
129,Iceland,25.4,74.6,2024
130,Switzerland,25.3,74.7,2024
131,China,24.9,75.1,2024
132,South Korea,24.9,75.1,2024
133,Slovenia,24.2,75.8,2024
134,Bahrain,23.9,76.1,2024
135,Estonia,23.8,76.2,2024
136,Monaco,23.6,76.4,2024
137,Singapore,23.5,76.5,2024
138,Japan,22.6,77.4,2024
139,Armenia,22.4,77.6,2024
140,Hong Kong (China),21.8,78.2,2024
141,Isle Of Man,20.5,79.5,2024
142,Oman,19,81,2024
143,Taiwan,16.7,83.3,2024
144,Qatar,16,84,2024
145,United Arab Emirates,15.6,84.4,2024
146,Andorra,12.9,87.1,2024